lambda,train_acc,val_acc,weight_norm,train_loss
0.0,0.9225,0.68,2.3091342264820325,0.2415117086003405
0.001,0.9225,0.68,2.28932438462089,0.2452516357315865
0.01,0.9225,0.68,2.124637321586794,0.27517140422639885
0.1,0.9,0.68,1.2585634681718048,0.41183476156808896
1.0,0.8375,0.68,0.35662310197147296,0.5925358931036918
10.0,0.805,0.63,0.05417055403884764,0.6772859294932821
100.0,0.5125,0.48,0.00579534850312185,0.6914043485514894
